filename,tea_variant,elevation,dataset_type
High-Medium/BOP/PARTICLE/SAMPLE_01/20240118_134413.jpg,BOP,High-Medium,train
High-Medium/BOP/PARTICLE/SAMPLE_01/20240118_134414.jpg,BOP,High-Medium,train
High-Medium/BOP/PARTICLE/SAMPLE_01/20240118_134415.jpg,BOP,High-Medium,train
High-Medium/BOP/PARTICLE/SAMPLE_02/20240118_134436.jpg,BOP,High-Medium,train
High-Medium/BOP/PARTICLE/SAMPLE_02/20240118_134437.jpg,BOP,High-Medium,train
High-Medium/BOP/PARTICLE/SAMPLE_02/20240118_134438.jpg,BOP,High-Medium,train
High-Medium/BOP/PARTICLE/SAMPLE_02/20240118_134439.jpg,BOP,High-Medium,train
High-Medium/BOP/PARTICLE/SAMPLE_02/20240118_134440.jpg,BOP,High-Medium,train
High-Medium/BOP/PARTICLE/SAMPLE_03/20240118_134527.jpg,BOP,High-Medium,train
High-Medium/BOP/PARTICLE/SAMPLE_03/20240118_134528.jpg,BOP,High-Medium,train
High-Medium/BOP/PARTICLE/SAMPLE_03/20240118_134529.jpg,BOP,High-Medium,train
High-Medium/BOP/PARTICLE/SAMPLE_03/20240118_134530.jpg,BOP,High-Medium,train
High-Medium/BOP/PARTICLE/SAMPLE_03/20240118_134531.jpg,BOP,High-Medium,train
High-Medium/BOP/PARTICLE/SAMPLE_04/20240118_134555.jpg,BOP,High-Medium,train
High-Medium/BOP/PARTICLE/SAMPLE_04/20240118_134556.jpg,BOP,High-Medium,train
High-Medium/BOP/PARTICLE/SAMPLE_04/20240118_134557.jpg,BOP,High-Medium,train
High-Medium/BOP/PARTICLE/SAMPLE_04/20240118_134558.jpg,BOP,High-Medium,train
High-Medium/BOP/PARTICLE/SAMPLE_04/20240118_134559.jpg,BOP,High-Medium,train
High-Medium/BOP/PARTICLE/SAMPLE_05/20240118_134628.jpg,BOP,High-Medium,train
High-Medium/BOP/PARTICLE/SAMPLE_05/20240118_134629.jpg,BOP,High-Medium,train
High-Medium/BOP/PARTICLE/SAMPLE_05/20240118_134630.jpg,BOP,High-Medium,train
High-Medium/BOP/PARTICLE/SAMPLE_05/20240118_134631.jpg,BOP,High-Medium,train
High-Medium/BOP/PARTICLE/SAMPLE_05/20240118_134632.jpg,BOP,High-Medium,train
High-Medium/BOP/PARTICLE/SAMPLE_06/20240118_134642.jpg,BOP,High-Medium,train
High-Medium/BOP/PARTICLE/SAMPLE_06/20240118_134643.jpg,BOP,High-Medium,train
High-Medium/BOP/PARTICLE/SAMPLE_06/20240118_134644.jpg,BOP,High-Medium,train
High-Medium/BOP/PARTICLE/SAMPLE_06/20240118_134645.jpg,BOP,High-Medium,train
High-Medium/BOP/PARTICLE/SAMPLE_06/20240118_134646.jpg,BOP,High-Medium,train
High-Medium/BOP01/PARTICLE/SAMPLE_01/20240118_124327.jpg,BOP01,High-Medium,train
High-Medium/BOP01/PARTICLE/SAMPLE_01/20240118_124353.jpg,BOP01,High-Medium,train
High-Medium/BOP01/PARTICLE/SAMPLE_01/20240118_124354.jpg,BOP01,High-Medium,train
High-Medium/BOP01/PARTICLE/SAMPLE_02/20240118_124440(0).jpg,BOP01,High-Medium,train
High-Medium/BOP01/PARTICLE/SAMPLE_02/20240118_124440.jpg,BOP01,High-Medium,train
High-Medium/BOP01/PARTICLE/SAMPLE_02/20240118_124441(0).jpg,BOP01,High-Medium,train
High-Medium/BOP01/PARTICLE/SAMPLE_02/20240118_124441.jpg,BOP01,High-Medium,train
High-Medium/BOP01/PARTICLE/SAMPLE_02/20240118_124442.jpg,BOP01,High-Medium,train
High-Medium/BOP01/PARTICLE/SAMPLE_03/20240118_124531.jpg,BOP01,High-Medium,train
High-Medium/BOP01/PARTICLE/SAMPLE_03/20240118_124532.jpg,BOP01,High-Medium,train
High-Medium/BOP01/PARTICLE/SAMPLE_03/20240118_124533(0).jpg,BOP01,High-Medium,train
High-Medium/BOP01/PARTICLE/SAMPLE_03/20240118_124533.jpg,BOP01,High-Medium,train
High-Medium/BOP01/PARTICLE/SAMPLE_03/20240118_124534.jpg,BOP01,High-Medium,train
High-Medium/BOP01/PARTICLE/SAMPLE_04/20240118_124554.jpg,BOP01,High-Medium,train
High-Medium/BOP01/PARTICLE/SAMPLE_04/20240118_124555.jpg,BOP01,High-Medium,train
High-Medium/BOP01/PARTICLE/SAMPLE_04/20240118_124556.jpg,BOP01,High-Medium,train
High-Medium/BOP01/PARTICLE/SAMPLE_04/20240118_124557(0).jpg,BOP01,High-Medium,train
High-Medium/BOP01/PARTICLE/SAMPLE_04/20240118_124557.jpg,BOP01,High-Medium,train
High-Medium/BOP01/PARTICLE/SAMPLE_05/20240118_124712.jpg,BOP01,High-Medium,train
High-Medium/BOP01/PARTICLE/SAMPLE_05/20240118_124713(0).jpg,BOP01,High-Medium,train
High-Medium/BOP01/PARTICLE/SAMPLE_05/20240118_124713.jpg,BOP01,High-Medium,train
High-Medium/BOP01/PARTICLE/SAMPLE_05/20240118_124714.jpg,BOP01,High-Medium,train
High-Medium/BOP01/PARTICLE/SAMPLE_05/20240118_124715.jpg,BOP01,High-Medium,train
High-Medium/BOP01/PARTICLE/SAMPLE_06/20240118_124738.jpg,BOP01,High-Medium,train
High-Medium/BOP01/PARTICLE/SAMPLE_06/20240118_124739.jpg,BOP01,High-Medium,train
High-Medium/BOP01/PARTICLE/SAMPLE_06/20240118_124741.jpg,BOP01,High-Medium,train
High-Medium/BOP01/PARTICLE/SAMPLE_06/20240118_124742.jpg,BOP01,High-Medium,train
High-Medium/BOP01/PARTICLE/SAMPLE_06/20240118_124743.jpg,BOP01,High-Medium,train
High-Medium/BOPA/PARTICLE/SAMPLE_01/20240118_134816.jpg,BOPA,High-Medium,train
High-Medium/BOPA/PARTICLE/SAMPLE_01/20240118_134831.jpg,BOPA,High-Medium,train
High-Medium/BOPA/PARTICLE/SAMPLE_01/20240118_134832.jpg,BOPA,High-Medium,train
High-Medium/BOPA/PARTICLE/SAMPLE_02/20240118_134845.jpg,BOPA,High-Medium,train
High-Medium/BOPA/PARTICLE/SAMPLE_02/20240118_134846(0).jpg,BOPA,High-Medium,train
High-Medium/BOPA/PARTICLE/SAMPLE_02/20240118_134846.jpg,BOPA,High-Medium,train
High-Medium/BOPA/PARTICLE/SAMPLE_02/20240118_134847(0).jpg,BOPA,High-Medium,train
High-Medium/BOPA/PARTICLE/SAMPLE_02/20240118_134847.jpg,BOPA,High-Medium,train
High-Medium/BOPA/PARTICLE/SAMPLE_03/20240118_134918.jpg,BOPA,High-Medium,train
High-Medium/BOPA/PARTICLE/SAMPLE_03/20240118_134919.jpg,BOPA,High-Medium,train
High-Medium/BOPA/PARTICLE/SAMPLE_03/20240118_134920.jpg,BOPA,High-Medium,train
High-Medium/BOPA/PARTICLE/SAMPLE_03/20240118_134921.jpg,BOPA,High-Medium,train
High-Medium/BOPA/PARTICLE/SAMPLE_03/20240118_134922.jpg,BOPA,High-Medium,train
High-Medium/BOPA/PARTICLE/SAMPLE_04/20240118_134940.jpg,BOPA,High-Medium,train
High-Medium/BOPA/PARTICLE/SAMPLE_04/20240118_134941.jpg,BOPA,High-Medium,train
High-Medium/BOPA/PARTICLE/SAMPLE_04/20240118_134942.jpg,BOPA,High-Medium,train
High-Medium/BOPA/PARTICLE/SAMPLE_04/20240118_134943.jpg,BOPA,High-Medium,train
High-Medium/BOPA/PARTICLE/SAMPLE_04/20240118_134944.jpg,BOPA,High-Medium,train
High-Medium/BOPA/PARTICLE/SAMPLE_05/20240118_135015.jpg,BOPA,High-Medium,train
High-Medium/BOPA/PARTICLE/SAMPLE_05/20240118_135016.jpg,BOPA,High-Medium,train
High-Medium/BOPA/PARTICLE/SAMPLE_05/20240118_135017.jpg,BOPA,High-Medium,train
High-Medium/BOPA/PARTICLE/SAMPLE_05/20240118_135018.jpg,BOPA,High-Medium,train
High-Medium/BOPA/PARTICLE/SAMPLE_05/20240118_135019.jpg,BOPA,High-Medium,train
High-Medium/BOPA/PARTICLE/SAMPLE_06/20240118_135051.jpg,BOPA,High-Medium,train
High-Medium/BOPA/PARTICLE/SAMPLE_06/20240118_135052.jpg,BOPA,High-Medium,train
High-Medium/BOPA/PARTICLE/SAMPLE_06/20240118_135053.jpg,BOPA,High-Medium,train
High-Medium/BOPA/PARTICLE/SAMPLE_06/20240118_135054.jpg,BOPA,High-Medium,train
High-Medium/BOPA/PARTICLE/SAMPLE_06/20240118_135055.jpg,BOPA,High-Medium,train
High-Medium/BOPF/PARTICLE/SAMPLE_01/20240118_135228.jpg,BOPF,High-Medium,train
High-Medium/BOPF/PARTICLE/SAMPLE_01/20240118_135229.jpg,BOPF,High-Medium,train
High-Medium/BOPF/PARTICLE/SAMPLE_01/20240118_135230.jpg,BOPF,High-Medium,train
High-Medium/BOPF/PARTICLE/SAMPLE_02/20240118_135319.jpg,BOPF,High-Medium,train
High-Medium/BOPF/PARTICLE/SAMPLE_02/20240118_135320.jpg,BOPF,High-Medium,train
High-Medium/BOPF/PARTICLE/SAMPLE_02/20240118_135321.jpg,BOPF,High-Medium,train
High-Medium/BOPF/PARTICLE/SAMPLE_02/20240118_135322(0).jpg,BOPF,High-Medium,train
High-Medium/BOPF/PARTICLE/SAMPLE_02/20240118_135322.jpg,BOPF,High-Medium,train
High-Medium/BOPF/PARTICLE/SAMPLE_03/20240118_135345.jpg,BOPF,High-Medium,train
High-Medium/BOPF/PARTICLE/SAMPLE_03/20240118_135346.jpg,BOPF,High-Medium,train
High-Medium/BOPF/PARTICLE/SAMPLE_03/20240118_135347.jpg,BOPF,High-Medium,train
High-Medium/BOPF/PARTICLE/SAMPLE_03/20240118_135348.jpg,BOPF,High-Medium,train
High-Medium/BOPF/PARTICLE/SAMPLE_03/20240118_135349.jpg,BOPF,High-Medium,train
High-Medium/BOPF/PARTICLE/SAMPLE_04/20240118_135530.jpg,BOPF,High-Medium,train
High-Medium/BOPF/PARTICLE/SAMPLE_04/20240118_135531.jpg,BOPF,High-Medium,train
High-Medium/BOPF/PARTICLE/SAMPLE_04/20240118_135532.jpg,BOPF,High-Medium,train
High-Medium/BOPF/PARTICLE/SAMPLE_04/20240118_135533.jpg,BOPF,High-Medium,train
High-Medium/BOPF/PARTICLE/SAMPLE_04/20240118_135534.jpg,BOPF,High-Medium,train
High-Medium/BOPF/PARTICLE/SAMPLE_05/20240118_135602(0).jpg,BOPF,High-Medium,train
High-Medium/BOPF/PARTICLE/SAMPLE_05/20240118_135602.jpg,BOPF,High-Medium,train
High-Medium/BOPF/PARTICLE/SAMPLE_05/20240118_135604(0).jpg,BOPF,High-Medium,train
High-Medium/BOPF/PARTICLE/SAMPLE_05/20240118_135604.jpg,BOPF,High-Medium,train
High-Medium/BOPF/PARTICLE/SAMPLE_05/20240118_135605.jpg,BOPF,High-Medium,train
High-Medium/BOPF/PARTICLE/SAMPLE_06/20240118_135902.jpg,BOPF,High-Medium,train
High-Medium/BOPF/PARTICLE/SAMPLE_06/20240118_135903.jpg,BOPF,High-Medium,train
High-Medium/BOPF/PARTICLE/SAMPLE_06/20240118_135904.jpg,BOPF,High-Medium,train
High-Medium/BOPF/PARTICLE/SAMPLE_06/20240118_135905(0).jpg,BOPF,High-Medium,train
High-Medium/BOPF/PARTICLE/SAMPLE_06/20240118_135905.jpg,BOPF,High-Medium,train
High-Medium/FBOP/PARTICLE/SAMPLE_01/20240118_130133.jpg,FBOP,High-Medium,train
High-Medium/FBOP/PARTICLE/SAMPLE_01/20240118_130134.jpg,FBOP,High-Medium,train
High-Medium/FBOP/PARTICLE/SAMPLE_01/20240118_130135.jpg,FBOP,High-Medium,train
High-Medium/FBOP/PARTICLE/SAMPLE_02/20240118_130200.jpg,FBOP,High-Medium,train
High-Medium/FBOP/PARTICLE/SAMPLE_02/20240118_130203.jpg,FBOP,High-Medium,train
High-Medium/FBOP/PARTICLE/SAMPLE_02/20240118_130205(0).jpg,FBOP,High-Medium,train
High-Medium/FBOP/PARTICLE/SAMPLE_02/20240118_130205.jpg,FBOP,High-Medium,train
High-Medium/FBOP/PARTICLE/SAMPLE_02/20240118_130206.jpg,FBOP,High-Medium,train
High-Medium/FBOP/PARTICLE/SAMPLE_03/20240118_130254.jpg,FBOP,High-Medium,train
High-Medium/FBOP/PARTICLE/SAMPLE_03/20240118_130255.jpg,FBOP,High-Medium,train
High-Medium/FBOP/PARTICLE/SAMPLE_03/20240118_130256.jpg,FBOP,High-Medium,train
High-Medium/FBOP/PARTICLE/SAMPLE_03/20240118_130257.jpg,FBOP,High-Medium,train
High-Medium/FBOP/PARTICLE/SAMPLE_03/20240118_130258.jpg,FBOP,High-Medium,train
High-Medium/FBOP/PARTICLE/SAMPLE_04/20240118_130325.jpg,FBOP,High-Medium,train
High-Medium/FBOP/PARTICLE/SAMPLE_04/20240118_130326.jpg,FBOP,High-Medium,train
High-Medium/FBOP/PARTICLE/SAMPLE_04/20240118_130327(0).jpg,FBOP,High-Medium,train
High-Medium/FBOP/PARTICLE/SAMPLE_04/20240118_130327.jpg,FBOP,High-Medium,train
High-Medium/FBOP/PARTICLE/SAMPLE_04/20240118_130328.jpg,FBOP,High-Medium,train
High-Medium/FBOP/PARTICLE/SAMPLE_05/20240118_130405.jpg,FBOP,High-Medium,train
High-Medium/FBOP/PARTICLE/SAMPLE_05/20240118_130406.jpg,FBOP,High-Medium,train
High-Medium/FBOP/PARTICLE/SAMPLE_05/20240118_130407.jpg,FBOP,High-Medium,train
High-Medium/FBOP/PARTICLE/SAMPLE_05/20240118_130408.jpg,FBOP,High-Medium,train
High-Medium/FBOP/PARTICLE/SAMPLE_05/20240118_130409.jpg,FBOP,High-Medium,train
High-Medium/FBOP/PARTICLE/SAMPLE_06/20240118_130432.jpg,FBOP,High-Medium,train
High-Medium/FBOP/PARTICLE/SAMPLE_06/20240118_130433(0).jpg,FBOP,High-Medium,train
High-Medium/FBOP/PARTICLE/SAMPLE_06/20240118_130433.jpg,FBOP,High-Medium,train
High-Medium/FBOP/PARTICLE/SAMPLE_06/20240118_130434.jpg,FBOP,High-Medium,train
High-Medium/FBOP/PARTICLE/SAMPLE_06/20240118_130435.jpg,FBOP,High-Medium,train
High-Medium/OP/PARTICLE/SAMPLE_01/20240118_133249.jpg,OP,High-Medium,train
High-Medium/OP/PARTICLE/SAMPLE_01/20240118_133250.jpg,OP,High-Medium,train
High-Medium/OP/PARTICLE/SAMPLE_01/20240118_133251.jpg,OP,High-Medium,train
High-Medium/OP/PARTICLE/SAMPLE_02/20240118_133308.jpg,OP,High-Medium,train
High-Medium/OP/PARTICLE/SAMPLE_02/20240118_133309.jpg,OP,High-Medium,train
High-Medium/OP/PARTICLE/SAMPLE_02/20240118_133312.jpg,OP,High-Medium,train
High-Medium/OP/PARTICLE/SAMPLE_02/20240118_133313.jpg,OP,High-Medium,train
High-Medium/OP/PARTICLE/SAMPLE_02/20240118_133315.jpg,OP,High-Medium,train
High-Medium/OP/PARTICLE/SAMPLE_03/20240118_133356.jpg,OP,High-Medium,train
High-Medium/OP/PARTICLE/SAMPLE_03/20240118_133357(0).jpg,OP,High-Medium,train
High-Medium/OP/PARTICLE/SAMPLE_03/20240118_133357.jpg,OP,High-Medium,train
High-Medium/OP/PARTICLE/SAMPLE_03/20240118_133358.jpg,OP,High-Medium,train
High-Medium/OP/PARTICLE/SAMPLE_03/20240118_133359.jpg,OP,High-Medium,train
High-Medium/OP/PARTICLE/SAMPLE_04/20240118_133446(0).jpg,OP,High-Medium,train
High-Medium/OP/PARTICLE/SAMPLE_04/20240118_133446.jpg,OP,High-Medium,train
High-Medium/OP/PARTICLE/SAMPLE_04/20240118_133447.jpg,OP,High-Medium,train
High-Medium/OP/PARTICLE/SAMPLE_04/20240118_133448.jpg,OP,High-Medium,train
High-Medium/OP/PARTICLE/SAMPLE_04/20240118_133450.jpg,OP,High-Medium,train
High-Medium/OP/PARTICLE/SAMPLE_05/20240118_133535.jpg,OP,High-Medium,train
High-Medium/OP/PARTICLE/SAMPLE_05/20240118_133536.jpg,OP,High-Medium,train
High-Medium/OP/PARTICLE/SAMPLE_05/20240118_133537.jpg,OP,High-Medium,train
High-Medium/OP/PARTICLE/SAMPLE_05/20240118_133539.jpg,OP,High-Medium,train
High-Medium/OP/PARTICLE/SAMPLE_05/20240118_133540.jpg,OP,High-Medium,train
High-Medium/OP/PARTICLE/SAMPLE_06/20240118_133630.jpg,OP,High-Medium,train
High-Medium/OP/PARTICLE/SAMPLE_06/20240118_133631.jpg,OP,High-Medium,train
High-Medium/OP/PARTICLE/SAMPLE_06/20240118_133632.jpg,OP,High-Medium,train
High-Medium/OP/PARTICLE/SAMPLE_06/20240118_133633.jpg,OP,High-Medium,train
High-Medium/OP/PARTICLE/SAMPLE_06/20240118_133634.jpg,OP,High-Medium,train
High-Medium/OP01/PARTICLE/SAMPLE_01/20240118_130900(0).jpg,OP01,High-Medium,train
High-Medium/OP01/PARTICLE/SAMPLE_01/20240118_130900.jpg,OP01,High-Medium,train
High-Medium/OP01/PARTICLE/SAMPLE_01/20240118_130901.jpg,OP01,High-Medium,train
High-Medium/OP01/PARTICLE/SAMPLE_02/20240118_130935.jpg,OP01,High-Medium,train
High-Medium/OP01/PARTICLE/SAMPLE_02/20240118_130936.jpg,OP01,High-Medium,train
High-Medium/OP01/PARTICLE/SAMPLE_02/20240118_130937(0).jpg,OP01,High-Medium,train
High-Medium/OP01/PARTICLE/SAMPLE_02/20240118_130937.jpg,OP01,High-Medium,train
High-Medium/OP01/PARTICLE/SAMPLE_02/20240118_130938.jpg,OP01,High-Medium,train
High-Medium/OP01/PARTICLE/SAMPLE_03/20240118_131101.jpg,OP01,High-Medium,train
High-Medium/OP01/PARTICLE/SAMPLE_03/20240118_131102(0).jpg,OP01,High-Medium,train
High-Medium/OP01/PARTICLE/SAMPLE_03/20240118_131102.jpg,OP01,High-Medium,train
High-Medium/OP01/PARTICLE/SAMPLE_03/20240118_131103.jpg,OP01,High-Medium,train
High-Medium/OP01/PARTICLE/SAMPLE_03/20240118_131104.jpg,OP01,High-Medium,train
High-Medium/OP01/PARTICLE/SAMPLE_04/20240118_131143.jpg,OP01,High-Medium,train
High-Medium/OP01/PARTICLE/SAMPLE_04/20240118_131144.jpg,OP01,High-Medium,train
High-Medium/OP01/PARTICLE/SAMPLE_04/20240118_131145.jpg,OP01,High-Medium,train
High-Medium/OP01/PARTICLE/SAMPLE_04/20240118_131146.jpg,OP01,High-Medium,train
High-Medium/OP01/PARTICLE/SAMPLE_04/20240118_131147.jpg,OP01,High-Medium,train
High-Medium/OP01/PARTICLE/SAMPLE_05/20240118_131215.jpg,OP01,High-Medium,train
High-Medium/OP01/PARTICLE/SAMPLE_05/20240118_131217.jpg,OP01,High-Medium,train
High-Medium/OP01/PARTICLE/SAMPLE_05/20240118_131218(0).jpg,OP01,High-Medium,train
High-Medium/OP01/PARTICLE/SAMPLE_05/20240118_131218.jpg,OP01,High-Medium,train
High-Medium/OP01/PARTICLE/SAMPLE_05/20240118_131219.jpg,OP01,High-Medium,train
High-Medium/OP01/PARTICLE/SAMPLE_06/20240118_131337.jpg,OP01,High-Medium,train
High-Medium/OP01/PARTICLE/SAMPLE_06/20240118_131338.jpg,OP01,High-Medium,train
High-Medium/OP01/PARTICLE/SAMPLE_06/20240118_131339.jpg,OP01,High-Medium,train
High-Medium/OP01/PARTICLE/SAMPLE_06/20240118_131340.jpg,OP01,High-Medium,train
High-Medium/OP01/PARTICLE/SAMPLE_06/20240118_131341.jpg,OP01,High-Medium,train
High-Medium/OPA/PARTICLE/SAMPLE_01/20240118_132006(0).jpg,OPA,High-Medium,train
High-Medium/OPA/PARTICLE/SAMPLE_01/20240118_132006.jpg,OPA,High-Medium,train
High-Medium/OPA/PARTICLE/SAMPLE_01/20240118_132007.jpg,OPA,High-Medium,train
High-Medium/OPA/PARTICLE/SAMPLE_02/20240118_132031.jpg,OPA,High-Medium,train
High-Medium/OPA/PARTICLE/SAMPLE_02/20240118_132032.jpg,OPA,High-Medium,train
High-Medium/OPA/PARTICLE/SAMPLE_02/20240118_132033.jpg,OPA,High-Medium,train
High-Medium/OPA/PARTICLE/SAMPLE_02/20240118_132035.jpg,OPA,High-Medium,train
High-Medium/OPA/PARTICLE/SAMPLE_02/20240118_132036.jpg,OPA,High-Medium,train
High-Medium/OPA/PARTICLE/SAMPLE_03/20240118_132127.jpg,OPA,High-Medium,train
High-Medium/OPA/PARTICLE/SAMPLE_03/20240118_132128.jpg,OPA,High-Medium,train
High-Medium/OPA/PARTICLE/SAMPLE_03/20240118_132129.jpg,OPA,High-Medium,train
High-Medium/OPA/PARTICLE/SAMPLE_03/20240118_132130.jpg,OPA,High-Medium,train
High-Medium/OPA/PARTICLE/SAMPLE_03/20240118_132131.jpg,OPA,High-Medium,train
High-Medium/OPA/PARTICLE/SAMPLE_04/20240118_132150.jpg,OPA,High-Medium,train
High-Medium/OPA/PARTICLE/SAMPLE_04/20240118_132151(0).jpg,OPA,High-Medium,train
High-Medium/OPA/PARTICLE/SAMPLE_04/20240118_132151.jpg,OPA,High-Medium,train
High-Medium/OPA/PARTICLE/SAMPLE_04/20240118_132152.jpg,OPA,High-Medium,train
High-Medium/OPA/PARTICLE/SAMPLE_04/20240118_132153.jpg,OPA,High-Medium,train
High-Medium/OPA/PARTICLE/SAMPLE_05/20240118_132349.jpg,OPA,High-Medium,train
High-Medium/OPA/PARTICLE/SAMPLE_05/20240118_132350.jpg,OPA,High-Medium,train
High-Medium/OPA/PARTICLE/SAMPLE_05/20240118_132351(0).jpg,OPA,High-Medium,train
High-Medium/OPA/PARTICLE/SAMPLE_05/20240118_132351.jpg,OPA,High-Medium,train
High-Medium/OPA/PARTICLE/SAMPLE_05/20240118_132352.jpg,OPA,High-Medium,train
High-Medium/OPA/PARTICLE/SAMPLE_06/20240118_132409.jpg,OPA,High-Medium,train
High-Medium/OPA/PARTICLE/SAMPLE_06/20240118_132410(0).jpg,OPA,High-Medium,train
High-Medium/OPA/PARTICLE/SAMPLE_06/20240118_132410.jpg,OPA,High-Medium,train
High-Medium/OPA/PARTICLE/SAMPLE_06/20240118_132411.jpg,OPA,High-Medium,train
High-Medium/OPA/PARTICLE/SAMPLE_06/20240118_132412.jpg,OPA,High-Medium,train
High-Medium/PEKOE/PARTICLE/SAMPLE_01/20240118_133830.jpg,PEKOE,High-Medium,train
High-Medium/PEKOE/PARTICLE/SAMPLE_01/20240118_133831(0).jpg,PEKOE,High-Medium,train
High-Medium/PEKOE/PARTICLE/SAMPLE_01/20240118_133831.jpg,PEKOE,High-Medium,train
High-Medium/PEKOE/PARTICLE/SAMPLE_02/20240118_133856.jpg,PEKOE,High-Medium,train
High-Medium/PEKOE/PARTICLE/SAMPLE_02/20240118_133901.jpg,PEKOE,High-Medium,train
High-Medium/PEKOE/PARTICLE/SAMPLE_02/20240118_133902.jpg,PEKOE,High-Medium,train
High-Medium/PEKOE/PARTICLE/SAMPLE_02/20240118_133903(0).jpg,PEKOE,High-Medium,train
High-Medium/PEKOE/PARTICLE/SAMPLE_02/20240118_133903.jpg,PEKOE,High-Medium,train
High-Medium/PEKOE/PARTICLE/SAMPLE_03/20240118_133944.jpg,PEKOE,High-Medium,train
High-Medium/PEKOE/PARTICLE/SAMPLE_03/20240118_133945.jpg,PEKOE,High-Medium,train
High-Medium/PEKOE/PARTICLE/SAMPLE_03/20240118_133946.jpg,PEKOE,High-Medium,train
High-Medium/PEKOE/PARTICLE/SAMPLE_03/20240118_133947(0).jpg,PEKOE,High-Medium,train
High-Medium/PEKOE/PARTICLE/SAMPLE_03/20240118_133947.jpg,PEKOE,High-Medium,train
High-Medium/PEKOE/PARTICLE/SAMPLE_04/20240118_134008.jpg,PEKOE,High-Medium,train
High-Medium/PEKOE/PARTICLE/SAMPLE_04/20240118_134009.jpg,PEKOE,High-Medium,train
High-Medium/PEKOE/PARTICLE/SAMPLE_04/20240118_134010.jpg,PEKOE,High-Medium,train
High-Medium/PEKOE/PARTICLE/SAMPLE_04/20240118_134011(0).jpg,PEKOE,High-Medium,train
High-Medium/PEKOE/PARTICLE/SAMPLE_04/20240118_134011.jpg,PEKOE,High-Medium,train
High-Medium/PEKOE/PARTICLE/SAMPLE_05/20240118_134100.jpg,PEKOE,High-Medium,train
High-Medium/PEKOE/PARTICLE/SAMPLE_05/20240118_134101.jpg,PEKOE,High-Medium,train
High-Medium/PEKOE/PARTICLE/SAMPLE_05/20240118_134102.jpg,PEKOE,High-Medium,train
High-Medium/PEKOE/PARTICLE/SAMPLE_05/20240118_134103.jpg,PEKOE,High-Medium,train
High-Medium/PEKOE/PARTICLE/SAMPLE_05/20240118_134104.jpg,PEKOE,High-Medium,train
High-Medium/PEKOE/PARTICLE/SAMPLE_06/20240118_134120.jpg,PEKOE,High-Medium,train
High-Medium/PEKOE/PARTICLE/SAMPLE_06/20240118_134121.jpg,PEKOE,High-Medium,train
High-Medium/PEKOE/PARTICLE/SAMPLE_06/20240118_134122.jpg,PEKOE,High-Medium,train
High-Medium/PEKOE/PARTICLE/SAMPLE_06/20240118_134123.jpg,PEKOE,High-Medium,train
High-Medium/PEKOE/PARTICLE/SAMPLE_06/20240118_134124.jpg,PEKOE,High-Medium,train
High-Medium/PEKOE/PARTICLE/SAMPLE_07/20240118_134159(0).jpg,PEKOE,High-Medium,train
High-Medium/PEKOE/PARTICLE/SAMPLE_07/20240118_134159.jpg,PEKOE,High-Medium,train
High-Medium/PEKOE/PARTICLE/SAMPLE_07/20240118_134200.jpg,PEKOE,High-Medium,train
High-Medium/PEKOE/PARTICLE/SAMPLE_07/20240118_134201.jpg,PEKOE,High-Medium,train
High-Medium/PEKOE/PARTICLE/SAMPLE_07/20240118_134202.jpg,PEKOE,High-Medium,train
Low/BOP01/PARTICLE/SAMPLE_01/20240118_141523.jpg,BOP01,Low,train
Low/BOP01/PARTICLE/SAMPLE_01/20240118_141524.jpg,BOP01,Low,train
Low/BOP01/PARTICLE/SAMPLE_02/20240118_141536.jpg,BOP01,Low,train
Low/BOP01/PARTICLE/SAMPLE_02/20240118_141537.jpg,BOP01,Low,train
Low/BOP01/PARTICLE/SAMPLE_02/20240118_141538(0).jpg,BOP01,Low,train
Low/BOP01/PARTICLE/SAMPLE_02/20240118_141538.jpg,BOP01,Low,train
Low/BOP01/PARTICLE/SAMPLE_02/20240118_141539.jpg,BOP01,Low,train
Low/BOP01/PARTICLE/SAMPLE_04/20240118_141613.jpg,BOP01,Low,train
Low/BOP01/PARTICLE/SAMPLE_04/20240118_141614.jpg,BOP01,Low,train
Low/BOP01/PARTICLE/SAMPLE_04/20240118_141617(0).jpg,BOP01,Low,train
Low/BOP01/PARTICLE/SAMPLE_04/20240118_141617.jpg,BOP01,Low,train
Low/BOP01/PARTICLE/SAMPLE_04/20240118_141618.jpg,BOP01,Low,train
Low/BOP01/PARTICLE/SAMPLE_05/20240118_141641.jpg,BOP01,Low,train
Low/BOP01/PARTICLE/SAMPLE_05/20240118_141645.jpg,BOP01,Low,train
Low/BOP01/PARTICLE/SAMPLE_05/20240118_141646.jpg,BOP01,Low,train
Low/BOP01/PARTICLE/SAMPLE_05/20240118_141647.jpg,BOP01,Low,train
Low/BOP01/PARTICLE/SAMPLE_05/20240118_141648.jpg,BOP01,Low,train
Low/BOP01/PARTICLE/SAMPLE_06/20240118_141659.jpg,BOP01,Low,train
Low/BOP01/PARTICLE/SAMPLE_06/20240118_141700.jpg,BOP01,Low,train
Low/BOP01/PARTICLE/SAMPLE_06/20240118_141701.jpg,BOP01,Low,train
Low/BOP01/PARTICLE/SAMPLE_06/20240118_141702.jpg,BOP01,Low,train
Low/BOP01/PARTICLE/SAMPLE_06/20240118_141704.jpg,BOP01,Low,train
Low/OP/PARTICLE/SAMPLE_01/20240118_142118(0).jpg,OP,Low,train
Low/OP/PARTICLE/SAMPLE_01/20240118_142118.jpg,OP,Low,train
Low/OP/PARTICLE/SAMPLE_01/20240118_142119.jpg,OP,Low,train
Low/OP/PARTICLE/SAMPLE_02/20240118_142129.jpg,OP,Low,train
Low/OP/PARTICLE/SAMPLE_02/20240118_142130.jpg,OP,Low,train
Low/OP/PARTICLE/SAMPLE_02/20240118_142131.jpg,OP,Low,train
Low/OP/PARTICLE/SAMPLE_02/20240118_142132.jpg,OP,Low,train
Low/OP/PARTICLE/SAMPLE_02/20240118_142133.jpg,OP,Low,train
Low/OP/PARTICLE/SAMPLE_03/20240118_142202.jpg,OP,Low,train
Low/OP/PARTICLE/SAMPLE_03/20240118_142208.jpg,OP,Low,train
Low/OP/PARTICLE/SAMPLE_03/20240118_142209(0).jpg,OP,Low,train
Low/OP/PARTICLE/SAMPLE_03/20240118_142209.jpg,OP,Low,train
Low/OP/PARTICLE/SAMPLE_03/20240118_142210.jpg,OP,Low,train
Low/OP/PARTICLE/SAMPLE_04/20240118_142218.jpg,OP,Low,train
Low/OP/PARTICLE/SAMPLE_04/20240118_142220.jpg,OP,Low,train
Low/OP/PARTICLE/SAMPLE_04/20240118_142222.jpg,OP,Low,train
Low/OP/PARTICLE/SAMPLE_04/20240118_142223.jpg,OP,Low,train
Low/OP/PARTICLE/SAMPLE_04/20240118_142224.jpg,OP,Low,train
Low/OP/PARTICLE/SAMPLE_05/20240118_142302.jpg,OP,Low,train
Low/OP/PARTICLE/SAMPLE_05/20240118_142304.jpg,OP,Low,train
Low/OP/PARTICLE/SAMPLE_05/20240118_142305.jpg,OP,Low,train
Low/OP/PARTICLE/SAMPLE_05/20240118_142306.jpg,OP,Low,train
Low/OP/PARTICLE/SAMPLE_05/20240118_142307.jpg,OP,Low,train
Low/OP/PARTICLE/SAMPLE_06/20240118_142314.jpg,OP,Low,train
Low/OP/PARTICLE/SAMPLE_06/20240118_142315.jpg,OP,Low,train
Low/OP/PARTICLE/SAMPLE_06/20240118_142316.jpg,OP,Low,train
Low/OP/PARTICLE/SAMPLE_06/20240118_142317(0).jpg,OP,Low,train
Low/OP/PARTICLE/SAMPLE_06/20240118_142317.jpg,OP,Low,train
Low/OP01/PARTICLE/SAMPLE_01/20240118_141210.jpg,OP01,Low,train
Low/OP01/PARTICLE/SAMPLE_01/20240118_141211.jpg,OP01,Low,train
Low/OP01/PARTICLE/SAMPLE_01/20240118_141213.jpg,OP01,Low,train
Low/OP01/PARTICLE/SAMPLE_02/20240118_141224.jpg,OP01,Low,train
Low/OP01/PARTICLE/SAMPLE_02/20240118_141225.jpg,OP01,Low,train
Low/OP01/PARTICLE/SAMPLE_02/20240118_141226.jpg,OP01,Low,train
Low/OP01/PARTICLE/SAMPLE_02/20240118_141227.jpg,OP01,Low,train
Low/OP01/PARTICLE/SAMPLE_02/20240118_141228.jpg,OP01,Low,train
Low/OP01/PARTICLE/SAMPLE_03/20240118_141258(0).jpg,OP01,Low,train
Low/OP01/PARTICLE/SAMPLE_03/20240118_141258.jpg,OP01,Low,train
Low/OP01/PARTICLE/SAMPLE_03/20240118_141259.jpg,OP01,Low,train
Low/OP01/PARTICLE/SAMPLE_03/20240118_141300.jpg,OP01,Low,train
Low/OP01/PARTICLE/SAMPLE_03/20240118_141301.jpg,OP01,Low,train
Low/OP01/PARTICLE/SAMPLE_04/20240118_141309.jpg,OP01,Low,train
Low/OP01/PARTICLE/SAMPLE_04/20240118_141310.jpg,OP01,Low,train
Low/OP01/PARTICLE/SAMPLE_04/20240118_141311.jpg,OP01,Low,train
Low/OP01/PARTICLE/SAMPLE_04/20240118_141312.jpg,OP01,Low,train
Low/OP01/PARTICLE/SAMPLE_04/20240118_141313.jpg,OP01,Low,train
Low/OP01/PARTICLE/SAMPLE_05/20240118_141341.jpg,OP01,Low,train
Low/OP01/PARTICLE/SAMPLE_05/20240118_141342(0).jpg,OP01,Low,train
Low/OP01/PARTICLE/SAMPLE_05/20240118_141342.jpg,OP01,Low,train
Low/OP01/PARTICLE/SAMPLE_05/20240118_141343.jpg,OP01,Low,train
Low/OP01/PARTICLE/SAMPLE_05/20240118_141344.jpg,OP01,Low,train
Low/OP01/PARTICLE/SAMPLE_06/20240118_141351.jpg,OP01,Low,train
Low/OP01/PARTICLE/SAMPLE_06/20240118_141352.jpg,OP01,Low,train
Low/OP01/PARTICLE/SAMPLE_06/20240118_141354.jpg,OP01,Low,train
Low/OP01/PARTICLE/SAMPLE_06/20240118_141355.jpg,OP01,Low,train
Low/OP01/PARTICLE/SAMPLE_06/20240118_141356.jpg,OP01,Low,train
Low/OPA/PARTICLE/SAMPLE_01/20240118_132553.jpg,OPA,Low,train
Low/OPA/PARTICLE/SAMPLE_01/20240118_132554.jpg,OPA,Low,train
Low/OPA/PARTICLE/SAMPLE_01/20240118_132555.jpg,OPA,Low,train
Low/OPA/PARTICLE/SAMPLE_02/20240118_132609.jpg,OPA,Low,train
Low/OPA/PARTICLE/SAMPLE_02/20240118_132610.jpg,OPA,Low,train
Low/OPA/PARTICLE/SAMPLE_02/20240118_132611(0).jpg,OPA,Low,train
Low/OPA/PARTICLE/SAMPLE_02/20240118_132611.jpg,OPA,Low,train
Low/OPA/PARTICLE/SAMPLE_02/20240118_132612.jpg,OPA,Low,train
Low/OPA/PARTICLE/SAMPLE_03/20240118_132652.jpg,OPA,Low,train
Low/OPA/PARTICLE/SAMPLE_03/20240118_132653.jpg,OPA,Low,train
Low/OPA/PARTICLE/SAMPLE_03/20240118_132654(0).jpg,OPA,Low,train
Low/OPA/PARTICLE/SAMPLE_03/20240118_132654.jpg,OPA,Low,train
Low/OPA/PARTICLE/SAMPLE_03/20240118_132655.jpg,OPA,Low,train
Low/OPA/PARTICLE/SAMPLE_04/20240118_132722.jpg,OPA,Low,train
Low/OPA/PARTICLE/SAMPLE_04/20240118_132723.jpg,OPA,Low,train
Low/OPA/PARTICLE/SAMPLE_04/20240118_132724(0).jpg,OPA,Low,train
Low/OPA/PARTICLE/SAMPLE_04/20240118_132724.jpg,OPA,Low,train
Low/OPA/PARTICLE/SAMPLE_04/20240118_132725.jpg,OPA,Low,train
Low/OPA/PARTICLE/SAMPLE_05/20240118_132820.jpg,OPA,Low,train
Low/OPA/PARTICLE/SAMPLE_05/20240118_132821.jpg,OPA,Low,train
Low/OPA/PARTICLE/SAMPLE_05/20240118_132822.jpg,OPA,Low,train
Low/OPA/PARTICLE/SAMPLE_05/20240118_132823.jpg,OPA,Low,train
Low/OPA/PARTICLE/SAMPLE_05/20240118_132824.jpg,OPA,Low,train
Low/OPA/PARTICLE/SAMPLE_06/20240118_132843.jpg,OPA,Low,train
Low/OPA/PARTICLE/SAMPLE_06/20240118_132844.jpg,OPA,Low,train
Low/OPA/PARTICLE/SAMPLE_06/20240118_132845.jpg,OPA,Low,train
Low/OPA/PARTICLE/SAMPLE_06/20240118_132846(0).jpg,OPA,Low,train
Low/OPA/PARTICLE/SAMPLE_06/20240118_132846.jpg,OPA,Low,train
Low/PEKOE/PARTICLE/SAMPLE_01/20240118_142434.jpg,PEKOE,Low,train
Low/PEKOE/PARTICLE/SAMPLE_01/20240118_142435.jpg,PEKOE,Low,train
Low/PEKOE/PARTICLE/SAMPLE_01/20240118_142436.jpg,PEKOE,Low,train
Low/PEKOE/PARTICLE/SAMPLE_03/20240118_142539.jpg,PEKOE,Low,train
Low/PEKOE/PARTICLE/SAMPLE_03/20240118_142540.jpg,PEKOE,Low,train
Low/PEKOE/PARTICLE/SAMPLE_03/20240118_142541.jpg,PEKOE,Low,train
Low/PEKOE/PARTICLE/SAMPLE_03/20240118_142542.jpg,PEKOE,Low,train
Low/PEKOE/PARTICLE/SAMPLE_03/20240118_142543.jpg,PEKOE,Low,train
Low/PEKOE/PARTICLE/SAMPLE_04/20240118_142550.jpg,PEKOE,Low,train
Low/PEKOE/PARTICLE/SAMPLE_04/20240118_142552(0).jpg,PEKOE,Low,train
Low/PEKOE/PARTICLE/SAMPLE_04/20240118_142552.jpg,PEKOE,Low,train
Low/PEKOE/PARTICLE/SAMPLE_04/20240118_142553.jpg,PEKOE,Low,train
Low/PEKOE/PARTICLE/SAMPLE_04/20240118_142554.jpg,PEKOE,Low,train
Low/PEKOE01/PARTICLE/SAMPLE_01/20240118_141804.jpg,PEKOE01,Low,train
Low/PEKOE01/PARTICLE/SAMPLE_01/20240118_141806.jpg,PEKOE01,Low,train
Low/PEKOE01/PARTICLE/SAMPLE_01/20240118_141807.jpg,PEKOE01,Low,train
Low/PEKOE01/PARTICLE/SAMPLE_02/20240118_141819.jpg,PEKOE01,Low,train
Low/PEKOE01/PARTICLE/SAMPLE_02/20240118_141820.jpg,PEKOE01,Low,train
Low/PEKOE01/PARTICLE/SAMPLE_02/20240118_141821.jpg,PEKOE01,Low,train
Low/PEKOE01/PARTICLE/SAMPLE_02/20240118_141822.jpg,PEKOE01,Low,train
Low/PEKOE01/PARTICLE/SAMPLE_02/20240118_141823.jpg,PEKOE01,Low,train
Low/PEKOE01/PARTICLE/SAMPLE_03/20240118_141849.jpg,PEKOE01,Low,train
Low/PEKOE01/PARTICLE/SAMPLE_03/20240118_141850.jpg,PEKOE01,Low,train
Low/PEKOE01/PARTICLE/SAMPLE_03/20240118_141851.jpg,PEKOE01,Low,train
Low/PEKOE01/PARTICLE/SAMPLE_03/20240118_141852.jpg,PEKOE01,Low,train
Low/PEKOE01/PARTICLE/SAMPLE_03/20240118_141853.jpg,PEKOE01,Low,train
Low/PEKOE01/PARTICLE/SAMPLE_04/20240118_141903.jpg,PEKOE01,Low,train
Low/PEKOE01/PARTICLE/SAMPLE_04/20240118_141904.jpg,PEKOE01,Low,train
Low/PEKOE01/PARTICLE/SAMPLE_04/20240118_141905.jpg,PEKOE01,Low,train
Low/PEKOE01/PARTICLE/SAMPLE_04/20240118_141906.jpg,PEKOE01,Low,train
Low/PEKOE01/PARTICLE/SAMPLE_04/20240118_141907.jpg,PEKOE01,Low,train
Low/PEKOE01/PARTICLE/SAMPLE_05/20240118_141934.jpg,PEKOE01,Low,train
Low/PEKOE01/PARTICLE/SAMPLE_05/20240118_141935.jpg,PEKOE01,Low,train
Low/PEKOE01/PARTICLE/SAMPLE_05/20240118_141936(0).jpg,PEKOE01,Low,train
Low/PEKOE01/PARTICLE/SAMPLE_05/20240118_141936.jpg,PEKOE01,Low,train
Low/PEKOE01/PARTICLE/SAMPLE_05/20240118_141937.jpg,PEKOE01,Low,train
Low/PEKOE01/PARTICLE/SAMPLE_06/20240118_141947.jpg,PEKOE01,Low,train
Low/PEKOE01/PARTICLE/SAMPLE_06/20240118_141948.jpg,PEKOE01,Low,train
Low/PEKOE01/PARTICLE/SAMPLE_06/20240118_141950.jpg,PEKOE01,Low,train
Low/PEKOE01/PARTICLE/SAMPLE_06/20240118_141951.jpg,PEKOE01,Low,train
Low/PEKOE01/PARTICLE/SAMPLE_06/20240118_141952.jpg,PEKOE01,Low,train
High-Medium/PEKOE01/PARTICLE/SAMPLE_01/20240118_131530(0).jpg,PEKOE01,High-Medium,test
High-Medium/PEKOE01/PARTICLE/SAMPLE_01/20240118_131530.jpg,PEKOE01,High-Medium,test
High-Medium/PEKOE01/PARTICLE/SAMPLE_01/20240118_131531.jpg,PEKOE01,High-Medium,test
High-Medium/PEKOE01/PARTICLE/SAMPLE_02/20240118_131609.jpg,PEKOE01,High-Medium,test
High-Medium/PEKOE01/PARTICLE/SAMPLE_02/20240118_131610.jpg,PEKOE01,High-Medium,test
High-Medium/PEKOE01/PARTICLE/SAMPLE_02/20240118_131611.jpg,PEKOE01,High-Medium,test
High-Medium/PEKOE01/PARTICLE/SAMPLE_02/20240118_131612.jpg,PEKOE01,High-Medium,test
High-Medium/PEKOE01/PARTICLE/SAMPLE_02/20240118_131613.jpg,PEKOE01,High-Medium,test
High-Medium/PEKOE01/PARTICLE/SAMPLE_03/20240118_131658.jpg,PEKOE01,High-Medium,test
High-Medium/PEKOE01/PARTICLE/SAMPLE_03/20240118_131659.jpg,PEKOE01,High-Medium,test
High-Medium/PEKOE01/PARTICLE/SAMPLE_03/20240118_131700.jpg,PEKOE01,High-Medium,test
High-Medium/PEKOE01/PARTICLE/SAMPLE_03/20240118_131701.jpg,PEKOE01,High-Medium,test
High-Medium/PEKOE01/PARTICLE/SAMPLE_03/20240118_131702.jpg,PEKOE01,High-Medium,test
High-Medium/PEKOE01/PARTICLE/SAMPLE_04/20240118_131721.jpg,PEKOE01,High-Medium,test
High-Medium/PEKOE01/PARTICLE/SAMPLE_04/20240118_131722.jpg,PEKOE01,High-Medium,test
High-Medium/PEKOE01/PARTICLE/SAMPLE_04/20240118_131725.jpg,PEKOE01,High-Medium,test
High-Medium/PEKOE01/PARTICLE/SAMPLE_04/20240118_131726(0).jpg,PEKOE01,High-Medium,test
High-Medium/PEKOE01/PARTICLE/SAMPLE_04/20240118_131726.jpg,PEKOE01,High-Medium,test
High-Medium/PEKOE01/PARTICLE/SAMPLE_05/20240118_131759.jpg,PEKOE01,High-Medium,test
High-Medium/PEKOE01/PARTICLE/SAMPLE_05/20240118_131800.jpg,PEKOE01,High-Medium,test
High-Medium/PEKOE01/PARTICLE/SAMPLE_05/20240118_131801(0).jpg,PEKOE01,High-Medium,test
High-Medium/PEKOE01/PARTICLE/SAMPLE_05/20240118_131801.jpg,PEKOE01,High-Medium,test
High-Medium/PEKOE01/PARTICLE/SAMPLE_05/20240118_131802.jpg,PEKOE01,High-Medium,test
High-Medium/PEKOE01/PARTICLE/SAMPLE_06/20240118_131818.jpg,PEKOE01,High-Medium,test
High-Medium/PEKOE01/PARTICLE/SAMPLE_06/20240118_131819.jpg,PEKOE01,High-Medium,test
High-Medium/PEKOE01/PARTICLE/SAMPLE_06/20240118_131820.jpg,PEKOE01,High-Medium,test
High-Medium/PEKOE01/PARTICLE/SAMPLE_06/20240118_131821.jpg,PEKOE01,High-Medium,test
High-Medium/PEKOE01/PARTICLE/SAMPLE_06/20240118_131822.jpg,PEKOE01,High-Medium,test
High-Medium/BOPSP_NEW/PARTICLE/SAMPLE_01/TAKE_01/13_s1_t1_1.jpg,BOPSP_NEW,High-Medium,train_new
High-Medium/BOPSP_NEW/PARTICLE/SAMPLE_01/TAKE_01/13_s1_t1_2.jpg,BOPSP_NEW,High-Medium,train_new
High-Medium/BOPSP_NEW/PARTICLE/SAMPLE_01/TAKE_01/13_s1_t1_3.jpg,BOPSP_NEW,High-Medium,train_new
High-Medium/BOPSP_NEW/PARTICLE/SAMPLE_01/TAKE_02/13_s1_t2_1.jpg,BOPSP_NEW,High-Medium,train_new
High-Medium/BOPSP_NEW/PARTICLE/SAMPLE_01/TAKE_02/13_s1_t2_2.jpg,BOPSP_NEW,High-Medium,train_new
High-Medium/BOPSP_NEW/PARTICLE/SAMPLE_01/TAKE_02/13_s1_t2_3.jpg,BOPSP_NEW,High-Medium,train_new
High-Medium/BOPSP_NEW/PARTICLE/SAMPLE_01/TAKE_03/13_s1_t3_1.jpg,BOPSP_NEW,High-Medium,train_new
High-Medium/BOPSP_NEW/PARTICLE/SAMPLE_01/TAKE_03/13_s1_t3_2.jpg,BOPSP_NEW,High-Medium,train_new
High-Medium/BOPSP_NEW/PARTICLE/SAMPLE_01/TAKE_03/13_s1_t3_3.jpg,BOPSP_NEW,High-Medium,train_new
High-Medium/BOPSP_NEW/PARTICLE/SAMPLE_02/13_s2_t1_1.jpg,BOPSP_NEW,High-Medium,train_new
High-Medium/BOPSP_NEW/PARTICLE/SAMPLE_02/13_s2_t1_2.jpg,BOPSP_NEW,High-Medium,train_new
High-Medium/BOPSP_NEW/PARTICLE/SAMPLE_02/13_s2_t1_3.jpg,BOPSP_NEW,High-Medium,train_new
High-Medium/BOPSP_NEW/PARTICLE/SAMPLE_02/TAKE_02/13_s2_t2_1.jpg,BOPSP_NEW,High-Medium,train_new
High-Medium/BOPSP_NEW/PARTICLE/SAMPLE_02/TAKE_02/13_s2_t2_2.jpg,BOPSP_NEW,High-Medium,train_new
High-Medium/BOPSP_NEW/PARTICLE/SAMPLE_02/TAKE_02/13_s2_t2_3.jpg,BOPSP_NEW,High-Medium,train_new
High-Medium/BOPSP_NEW/PARTICLE/SAMPLE_02/TAKE_03/13_s2_t3_1.jpg,BOPSP_NEW,High-Medium,train_new
High-Medium/BOPSP_NEW/PARTICLE/SAMPLE_02/TAKE_03/13_s2_t3_2.jpg,BOPSP_NEW,High-Medium,train_new
High-Medium/BOPSP_NEW/PARTICLE/SAMPLE_02/TAKE_03/13_s2_t3_3.jpg,BOPSP_NEW,High-Medium,train_new
High-Medium/BOPSP_NEW/PARTICLE/SAMPLE_03/13_s3_t1_1.jpg,BOPSP_NEW,High-Medium,train_new
High-Medium/BOPSP_NEW/PARTICLE/SAMPLE_03/13_s3_t1_2.jpg,BOPSP_NEW,High-Medium,train_new
High-Medium/BOPSP_NEW/PARTICLE/SAMPLE_03/13_s3_t3_3.jpg,BOPSP_NEW,High-Medium,train_new
High-Medium/BOPSP_NEW/PARTICLE/SAMPLE_03/TAKE_02/13_s3_t2_1.jpg,BOPSP_NEW,High-Medium,train_new
High-Medium/BOPSP_NEW/PARTICLE/SAMPLE_03/TAKE_02/13_s3_t2_2.jpg,BOPSP_NEW,High-Medium,train_new
High-Medium/BOPSP_NEW/PARTICLE/SAMPLE_03/TAKE_02/13_s3_t2_3.jpg,BOPSP_NEW,High-Medium,train_new
High-Medium/BOPSP_NEW/PARTICLE/SAMPLE_03/TAKE_03/13_s3_t1_3.jpg,BOPSP_NEW,High-Medium,train_new
High-Medium/BOPSP_NEW/PARTICLE/SAMPLE_03/TAKE_03/13_s3_t3_1.jpg,BOPSP_NEW,High-Medium,train_new
High-Medium/BOPSP_NEW/PARTICLE/SAMPLE_03/TAKE_03/13_s3_t3_2.jpg,BOPSP_NEW,High-Medium,train_new
High-Medium/FBOPF01_NEW/PARTICLE/SAMPLE_01/12_s1_t1_1.jpg,FBOPF01_NEW,High-Medium,train_new
High-Medium/FBOPF01_NEW/PARTICLE/SAMPLE_01/12_s1_t1_2.jpg,FBOPF01_NEW,High-Medium,train_new
High-Medium/FBOPF01_NEW/PARTICLE/SAMPLE_01/12_s1_t1_3.jpg,FBOPF01_NEW,High-Medium,train_new
High-Medium/FBOPF01_NEW/PARTICLE/SAMPLE_01/TAKE_02/12_s1_t2_1.jpg,FBOPF01_NEW,High-Medium,train_new
High-Medium/FBOPF01_NEW/PARTICLE/SAMPLE_01/TAKE_02/12_s1_t2_2.jpg,FBOPF01_NEW,High-Medium,train_new
High-Medium/FBOPF01_NEW/PARTICLE/SAMPLE_01/TAKE_02/12_s1_t2_3.jpg,FBOPF01_NEW,High-Medium,train_new
High-Medium/FBOPF01_NEW/PARTICLE/SAMPLE_01/TAKE_03/12_s1_t3_1.jpg,FBOPF01_NEW,High-Medium,train_new
High-Medium/FBOPF01_NEW/PARTICLE/SAMPLE_01/TAKE_03/12_s1_t3_2.jpg,FBOPF01_NEW,High-Medium,train_new
High-Medium/FBOPF01_NEW/PARTICLE/SAMPLE_01/TAKE_03/12_s1_t3_3.jpg,FBOPF01_NEW,High-Medium,train_new
High-Medium/FBOPF01_NEW/PARTICLE/SAMPLE_02/12_s2_t1_1.jpg,FBOPF01_NEW,High-Medium,train_new
High-Medium/FBOPF01_NEW/PARTICLE/SAMPLE_02/12_s2_t1_2.jpg,FBOPF01_NEW,High-Medium,train_new
High-Medium/FBOPF01_NEW/PARTICLE/SAMPLE_02/12_s2_t1_3.jpg,FBOPF01_NEW,High-Medium,train_new
High-Medium/FBOPF01_NEW/PARTICLE/SAMPLE_02/TAKE_02/12_s2_t2_1.jpg,FBOPF01_NEW,High-Medium,train_new
High-Medium/FBOPF01_NEW/PARTICLE/SAMPLE_02/TAKE_02/12_s2_t2_2.jpg,FBOPF01_NEW,High-Medium,train_new
High-Medium/FBOPF01_NEW/PARTICLE/SAMPLE_02/TAKE_02/12_s2_t2_3.jpg,FBOPF01_NEW,High-Medium,train_new
High-Medium/FBOPF01_NEW/PARTICLE/SAMPLE_02/TAKE_03/12_s2_t3_1.jpg,FBOPF01_NEW,High-Medium,train_new
High-Medium/FBOPF01_NEW/PARTICLE/SAMPLE_02/TAKE_03/12_s2_t3_2.jpg,FBOPF01_NEW,High-Medium,train_new
High-Medium/FBOPF01_NEW/PARTICLE/SAMPLE_02/TAKE_03/12_s2_t3_3.jpg,FBOPF01_NEW,High-Medium,train_new
High-Medium/FBOPF01_NEW/PARTICLE/SAMPLE_03/12_s3_t1_1.jpg,FBOPF01_NEW,High-Medium,train_new
High-Medium/FBOPF01_NEW/PARTICLE/SAMPLE_03/12_s3_t1_2.jpg,FBOPF01_NEW,High-Medium,train_new
High-Medium/FBOPF01_NEW/PARTICLE/SAMPLE_03/12_s3_t1_3.jpg,FBOPF01_NEW,High-Medium,train_new
High-Medium/FBOPF01_NEW/PARTICLE/SAMPLE_03/TAKE_02/12_s3_t2_1.jpg,FBOPF01_NEW,High-Medium,train_new
High-Medium/FBOPF01_NEW/PARTICLE/SAMPLE_03/TAKE_02/12_s3_t2_2.jpg,FBOPF01_NEW,High-Medium,train_new
High-Medium/FBOPF01_NEW/PARTICLE/SAMPLE_03/TAKE_02/12_s3_t2_3.jpg,FBOPF01_NEW,High-Medium,train_new
High-Medium/FBOPF01_NEW/PARTICLE/SAMPLE_03/TAKE_03/12_s3_t3_1.jpg,FBOPF01_NEW,High-Medium,train_new
High-Medium/FBOPF01_NEW/PARTICLE/SAMPLE_03/TAKE_03/12_s3_t3_2.jpg,FBOPF01_NEW,High-Medium,train_new
High-Medium/FBOPF01_NEW/PARTICLE/SAMPLE_03/TAKE_03/12_s3_t3_3.jpg,FBOPF01_NEW,High-Medium,train_new
High-Medium/OP01_NEW/PARTICLE/SAMPLE_01/07_s1_t1_1.jpg,OP01_NEW,High-Medium,train_new
High-Medium/OP01_NEW/PARTICLE/SAMPLE_01/07_s1_t1_2.jpg,OP01_NEW,High-Medium,train_new
High-Medium/OP01_NEW/PARTICLE/SAMPLE_01/07_s1_t1_3.jpg,OP01_NEW,High-Medium,train_new
High-Medium/OP01_NEW/PARTICLE/SAMPLE_01/TAKE_02/07_s1_t2_1.jpg,OP01_NEW,High-Medium,train_new
High-Medium/OP01_NEW/PARTICLE/SAMPLE_01/TAKE_02/07_s1_t2_2.jpg,OP01_NEW,High-Medium,train_new
High-Medium/OP01_NEW/PARTICLE/SAMPLE_01/TAKE_02/07_s1_t2_3.jpg,OP01_NEW,High-Medium,train_new
High-Medium/OP01_NEW/PARTICLE/SAMPLE_01/TAKE_03/07_s1_t3_1.jpg,OP01_NEW,High-Medium,train_new
High-Medium/OP01_NEW/PARTICLE/SAMPLE_01/TAKE_03/07_s1_t3_2.jpg,OP01_NEW,High-Medium,train_new
High-Medium/OP01_NEW/PARTICLE/SAMPLE_01/TAKE_03/07_s1_t3_3.jpg,OP01_NEW,High-Medium,train_new
High-Medium/OP01_NEW/PARTICLE/SAMPLE_02/TAKE_01/07_s2_t1_1.jpg,OP01_NEW,High-Medium,train_new
High-Medium/OP01_NEW/PARTICLE/SAMPLE_02/TAKE_01/07_s2_t1_2.jpg,OP01_NEW,High-Medium,train_new
High-Medium/OP01_NEW/PARTICLE/SAMPLE_02/TAKE_01/07_s2_t1_3.jpg,OP01_NEW,High-Medium,train_new
High-Medium/OP01_NEW/PARTICLE/SAMPLE_02/TAKE_02/07_s2_t2_1.jpg,OP01_NEW,High-Medium,train_new
High-Medium/OP01_NEW/PARTICLE/SAMPLE_02/TAKE_02/07_s2_t2_2.jpg,OP01_NEW,High-Medium,train_new
High-Medium/OP01_NEW/PARTICLE/SAMPLE_02/TAKE_02/07_s2_t2_3.jpg,OP01_NEW,High-Medium,train_new
High-Medium/OP01_NEW/PARTICLE/SAMPLE_02/TAKE_03/07_s2_t3_1.jpg,OP01_NEW,High-Medium,train_new
High-Medium/OP01_NEW/PARTICLE/SAMPLE_02/TAKE_03/07_s2_t3_2.jpg,OP01_NEW,High-Medium,train_new
High-Medium/OP01_NEW/PARTICLE/SAMPLE_02/TAKE_03/07_s2_t3_3.jpg,OP01_NEW,High-Medium,train_new
High-Medium/OP01_NEW/PARTICLE/SAMPLE_03/TAKE_01/07_s3_t1_1.jpg,OP01_NEW,High-Medium,train_new
High-Medium/OP01_NEW/PARTICLE/SAMPLE_03/TAKE_01/07_s3_t1_2.jpg,OP01_NEW,High-Medium,train_new
High-Medium/OP01_NEW/PARTICLE/SAMPLE_03/TAKE_01/07_s3_t1_3.jpg,OP01_NEW,High-Medium,train_new
High-Medium/OP01_NEW/PARTICLE/SAMPLE_03/TAKE_02/07_s3_t2_1.jpg,OP01_NEW,High-Medium,train_new
High-Medium/OP01_NEW/PARTICLE/SAMPLE_03/TAKE_02/07_s3_t2_2.jpg,OP01_NEW,High-Medium,train_new
High-Medium/OP01_NEW/PARTICLE/SAMPLE_03/TAKE_02/07_s3_t2_3.jpg,OP01_NEW,High-Medium,train_new
High-Medium/OP01_NEW/PARTICLE/SAMPLE_03/TAKE_03/07_s3_t3_1.jpg,OP01_NEW,High-Medium,train_new
High-Medium/OP01_NEW/PARTICLE/SAMPLE_03/TAKE_03/07_s3_t3_2.jpg,OP01_NEW,High-Medium,train_new
High-Medium/OP01_NEW/PARTICLE/SAMPLE_03/TAKE_03/07_s3_t3_3.jpg,OP01_NEW,High-Medium,train_new
High-Medium/OPA_NEW/PARTICLE/SAMPLE_01/TAKE_01/09_s1_t1_1.jpg,OPA_NEW,High-Medium,train_new
High-Medium/OPA_NEW/PARTICLE/SAMPLE_01/TAKE_01/09_s1_t1_2.jpg,OPA_NEW,High-Medium,train_new
High-Medium/OPA_NEW/PARTICLE/SAMPLE_01/TAKE_01/09_s1_t1_3.jpg,OPA_NEW,High-Medium,train_new
High-Medium/OPA_NEW/PARTICLE/SAMPLE_01/TAKE_02/09_s1_t2_1.jpg,OPA_NEW,High-Medium,train_new
High-Medium/OPA_NEW/PARTICLE/SAMPLE_01/TAKE_02/09_s1_t2_2.jpg,OPA_NEW,High-Medium,train_new
High-Medium/OPA_NEW/PARTICLE/SAMPLE_01/TAKE_02/09_s1_t2_3.jpg,OPA_NEW,High-Medium,train_new
High-Medium/OPA_NEW/PARTICLE/SAMPLE_01/TAKE_03/09_s1_t3_1.jpg,OPA_NEW,High-Medium,train_new
High-Medium/OPA_NEW/PARTICLE/SAMPLE_01/TAKE_03/09_s1_t3_2.jpg,OPA_NEW,High-Medium,train_new
High-Medium/OPA_NEW/PARTICLE/SAMPLE_01/TAKE_03/09_s1_t3_3.jpg,OPA_NEW,High-Medium,train_new
High-Medium/OP_NEW/PARTICLE/SAMPLE_01/TAKE_01/08_s1_t1_1.jpg,OP_NEW,High-Medium,train_new
High-Medium/OP_NEW/PARTICLE/SAMPLE_01/TAKE_01/08_s1_t1_2.jpg,OP_NEW,High-Medium,train_new
High-Medium/OP_NEW/PARTICLE/SAMPLE_01/TAKE_01/08_s1_t1_3.jpg,OP_NEW,High-Medium,train_new
High-Medium/OP_NEW/PARTICLE/SAMPLE_01/TAKE_02/08_s1_t2_1.jpg,OP_NEW,High-Medium,train_new
High-Medium/OP_NEW/PARTICLE/SAMPLE_01/TAKE_02/08_s1_t2_2.jpg,OP_NEW,High-Medium,train_new
High-Medium/OP_NEW/PARTICLE/SAMPLE_01/TAKE_02/08_s1_t2_3.jpg,OP_NEW,High-Medium,train_new
High-Medium/OP_NEW/PARTICLE/SAMPLE_01/TAKE_03/08_s1_t3_1.jpg,OP_NEW,High-Medium,train_new
High-Medium/OP_NEW/PARTICLE/SAMPLE_01/TAKE_03/08_s1_t3_2.jpg,OP_NEW,High-Medium,train_new
High-Medium/OP_NEW/PARTICLE/SAMPLE_01/TAKE_03/08_s1_t3_3.jpg,OP_NEW,High-Medium,train_new
High-Medium/OP_NEW/PARTICLE/SAMPLE_02/TAKE_01/08_s2_t1_1.jpg,OP_NEW,High-Medium,train_new
High-Medium/OP_NEW/PARTICLE/SAMPLE_02/TAKE_01/08_s2_t1_2.jpg,OP_NEW,High-Medium,train_new
High-Medium/OP_NEW/PARTICLE/SAMPLE_02/TAKE_01/08_s2_t1_3.jpg,OP_NEW,High-Medium,train_new
High-Medium/OP_NEW/PARTICLE/SAMPLE_02/TAKE_02/08_s2_t2_1.jpg,OP_NEW,High-Medium,train_new
High-Medium/OP_NEW/PARTICLE/SAMPLE_02/TAKE_02/08_s2_t2_2.jpg,OP_NEW,High-Medium,train_new
High-Medium/OP_NEW/PARTICLE/SAMPLE_02/TAKE_02/08_s2_t2_3.jpg,OP_NEW,High-Medium,train_new
High-Medium/OP_NEW/PARTICLE/SAMPLE_02/TAKE_03/08_s2_t3_1.jpg,OP_NEW,High-Medium,train_new
High-Medium/OP_NEW/PARTICLE/SAMPLE_02/TAKE_03/08_s2_t3_2.jpg,OP_NEW,High-Medium,train_new
High-Medium/OP_NEW/PARTICLE/SAMPLE_02/TAKE_03/08_s2_t3_3.jpg,OP_NEW,High-Medium,train_new
High-Medium/OP_NEW/PARTICLE/SAMPLE_03/TAKE_01/08_s3_t1_1.jpg,OP_NEW,High-Medium,train_new
High-Medium/OP_NEW/PARTICLE/SAMPLE_03/TAKE_01/08_s3_t1_2.jpg,OP_NEW,High-Medium,train_new
High-Medium/OP_NEW/PARTICLE/SAMPLE_03/TAKE_01/08_s3_t1_3.jpg,OP_NEW,High-Medium,train_new
High-Medium/OP_NEW/PARTICLE/SAMPLE_03/TAKE_02/08_s3_t2_1.jpg,OP_NEW,High-Medium,train_new
High-Medium/OP_NEW/PARTICLE/SAMPLE_03/TAKE_02/08_s3_t2_2.jpg,OP_NEW,High-Medium,train_new
High-Medium/OP_NEW/PARTICLE/SAMPLE_03/TAKE_02/08_s3_t2_3.jpg,OP_NEW,High-Medium,train_new
High-Medium/OP_NEW/PARTICLE/SAMPLE_03/TAKE_03/08_s3_t3_1.jpg,OP_NEW,High-Medium,train_new
High-Medium/OP_NEW/PARTICLE/SAMPLE_03/TAKE_03/08_s3_t3_2.jpg,OP_NEW,High-Medium,train_new
High-Medium/OP_NEW/PARTICLE/SAMPLE_03/TAKE_03/08_s3_t3_3.jpg,OP_NEW,High-Medium,train_new
Low/FBOPF01_NEW/PARTICLE/SAMPLE_01/TAKE_01/04_s1_t1_1.jpg,FBOPF01_NEW,Low,train_new
Low/FBOPF01_NEW/PARTICLE/SAMPLE_01/TAKE_01/04_s1_t1_2.jpg,FBOPF01_NEW,Low,train_new
Low/FBOPF01_NEW/PARTICLE/SAMPLE_01/TAKE_01/04_s1_t1_3.jpg,FBOPF01_NEW,Low,train_new
Low/FBOPF01_NEW/PARTICLE/SAMPLE_01/TAKE_02/04_s1_t2_1.jpg,FBOPF01_NEW,Low,train_new
Low/FBOPF01_NEW/PARTICLE/SAMPLE_01/TAKE_02/04_s1_t2_2.jpg,FBOPF01_NEW,Low,train_new
Low/FBOPF01_NEW/PARTICLE/SAMPLE_01/TAKE_02/04_s1_t2_3.jpg,FBOPF01_NEW,Low,train_new
Low/FBOPF01_NEW/PARTICLE/SAMPLE_01/TAKE_03/04_s1_t3_1.jpg,FBOPF01_NEW,Low,train_new
Low/FBOPF01_NEW/PARTICLE/SAMPLE_01/TAKE_03/04_s1_t3_2.jpg,FBOPF01_NEW,Low,train_new
Low/FBOPF01_NEW/PARTICLE/SAMPLE_01/TAKE_03/04_s1_t3_3.jpg,FBOPF01_NEW,Low,train_new
Low/FBOPF01_NEW/PARTICLE/SAMPLE_02/TAKE_01/04_s2_t1_1.jpg,FBOPF01_NEW,Low,train_new
Low/FBOPF01_NEW/PARTICLE/SAMPLE_02/TAKE_01/04_s2_t1_2.jpg,FBOPF01_NEW,Low,train_new
Low/FBOPF01_NEW/PARTICLE/SAMPLE_02/TAKE_01/04_s2_t1_3.jpg,FBOPF01_NEW,Low,train_new
Low/FBOPF01_NEW/PARTICLE/SAMPLE_02/TAKE_02/04_s2_t2_1.jpg,FBOPF01_NEW,Low,train_new
Low/FBOPF01_NEW/PARTICLE/SAMPLE_02/TAKE_02/04_s2_t2_2.jpg,FBOPF01_NEW,Low,train_new
Low/FBOPF01_NEW/PARTICLE/SAMPLE_02/TAKE_02/04_s2_t2_3.jpg,FBOPF01_NEW,Low,train_new
Low/FBOPF01_NEW/PARTICLE/SAMPLE_02/TAKE_03/04_s2_t3_1.jpg,FBOPF01_NEW,Low,train_new
Low/FBOPF01_NEW/PARTICLE/SAMPLE_02/TAKE_03/04_s2_t3_2.jpg,FBOPF01_NEW,Low,train_new
Low/FBOPF01_NEW/PARTICLE/SAMPLE_02/TAKE_03/04_s2_t3_3.jpg,FBOPF01_NEW,Low,train_new
Low/FBOPF01_NEW/PARTICLE/SAMPLE_03/TAKE_01/04_s3_t1_1.jpg,FBOPF01_NEW,Low,train_new
Low/FBOPF01_NEW/PARTICLE/SAMPLE_03/TAKE_01/04_s3_t1_2.jpg,FBOPF01_NEW,Low,train_new
Low/FBOPF01_NEW/PARTICLE/SAMPLE_03/TAKE_01/04_s3_t1_3.jpg,FBOPF01_NEW,Low,train_new
Low/FBOPF01_NEW/PARTICLE/SAMPLE_03/TAKE_02/04_s3_t2_1.jpg,FBOPF01_NEW,Low,train_new
Low/FBOPF01_NEW/PARTICLE/SAMPLE_03/TAKE_02/04_s3_t2_2.jpg,FBOPF01_NEW,Low,train_new
Low/FBOPF01_NEW/PARTICLE/SAMPLE_03/TAKE_02/04_s3_t2_3.jpg,FBOPF01_NEW,Low,train_new
Low/FBOPF01_NEW/PARTICLE/SAMPLE_03/TAKE_03/04_s3_t3_1.jpg,FBOPF01_NEW,Low,train_new
Low/FBOPF01_NEW/PARTICLE/SAMPLE_03/TAKE_03/04_s3_t3_2.jpg,FBOPF01_NEW,Low,train_new
Low/FBOPF01_NEW/PARTICLE/SAMPLE_03/TAKE_03/04_s3_t3_3.jpg,FBOPF01_NEW,Low,train_new
